﻿<?xml version="1.0" encoding="utf-8"?>
<Deployment xmlns="http://schemas.microsoft.com/windowsphone/2012/deployment" AppPlatformVersion="8.0">
  <DefaultLanguage xmlns="" code="en-US" />
  <Languages xmlns="">
    <Language code="zh-CN" />
  </Languages>
  <App xmlns=""
       ProductID="{33cf72bc-428b-4fe8-9136-6721b631d075}"
       Title="WeatherSpark"
       RuntimeType="Silverlight"
       Version="4.4.6"
       Genre="apps.normal"
       Author="Emperor XLII"
       Description="Sparkline-inspired weather display."
       Publisher="Emperial Apps"
       PublisherID="{00fe1aef-2065-4262-8055-f316dc4e14fb}">
    <IconPath IsRelative="true" IsResource="false">Assets\ApplicationIcon.png</IconPath>
    <Capabilities>
      <Capability Name="ID_CAP_LOCATION" />
      <Capability Name="ID_CAP_NETWORKING" />
    </Capabilities>
    <Tasks>
      <DefaultTask Name="_default" NavigationPage="SummaryPage.xaml" />
      <ExtendedTask Name="BackgroundTask">
        <BackgroundServiceAgent Specifier="ScheduledTaskAgent" Name="WeatherSpark.WPAgent" Source="WeatherSpark.WPAgent" Type="EmperialApps.WeatherSpark.Agent.ScheduledAgent" />
      </ExtendedTask>
    </Tasks>
    <Tokens>
      <PrimaryToken TokenID="EmperialApps.WeatherSparkToken" TaskName="_default">
        <TemplateFlip>
          <SmallImageURI IsRelative="true" IsResource="false">Assets\Background.png</SmallImageURI>
          <Count>0</Count>
          <BackgroundImageURI IsRelative="true" IsResource="false">Assets\Background.png</BackgroundImageURI>
          <Title>WeatherSpark</Title>
        </TemplateFlip>
      </PrimaryToken>
    </Tokens>
    <ScreenResolutions>
      <ScreenResolution Name="ID_RESOLUTION_WVGA" />
      <ScreenResolution Name="ID_RESOLUTION_WXGA" />
      <ScreenResolution Name="ID_RESOLUTION_HD720P" />
    </ScreenResolutions>
  </App>
</Deployment>
