﻿<?xml version="1.0" encoding="utf-8" ?>
<About>
  <!-- http://ylad.codeplex.com/documentation -->
  <App Author="Paul A Hansen (Emperor XLII)"
       Publisher="Emperial Apps"
       AdditionalNotes="Instead, explore your local weather in detail! Sparkline-inspired graphs provide a comprehensive view of each day’s temperature, humidity, precipitation, cloud cover, wind speed and direction.&#x0A;&#x0A;Something not working? Have an idea how to make it better? Send your thoughts using the contact link above!" />
  <Items>
    <MainItem Title="about"
              AppAdditionalNotesLabel="Tired of typical text-based weather summaries?"
              AppReviewButtonContent="Review this app!"
              AppBuyButtonContent="Buy this app!">
      <Links>
        <Link NavigateUri="https://bitbucket.org/EmperorXLII/weatherspark"
              Content="https://bitbucket.org/EmperorXLII/weatherspark"
              Label="Project:" />
        <Link NavigateUri="mailto:weatherspark@gmail.com"
              Content="weatherspark@gmail.com"
              Label="Contact:" />
      </Links>
    </MainItem>

    <Item Title="history"
          Type="text">
      4.4
      Added support for:
      • Displaying phases of the moon.

      4.3
      Added support for:
      • YRNO atmospheric pressure readings.
      • Restoring tile forecasts after phone reset.
      • Reset saved forecast.

      4.2
      Fixed:
      • Intermittent tile and menu errors.
      • Positioning of interpolated values.

      4.1
      Fixed:
      • Parsing out-of-range forecast values.
      • Localized search errors.
      • Advanced tile colors.

      4.0
      Added support for:
      • 中文翻译 (Chinese translation); thanks, Charles!
      • Localized search results.

      3.4
      Added support for:
      • Wide tile images.
      • Advanced tile settings.
      Fixed:
      • Mode changes during tile image generation.
      • Forecasts with embedded offset intervals.
      • Wind display value on back tile images.

      3.3
      Added support for:
      • Back tile images.
      Fixed:
      • Combining historic forecast values.
      • Invariant parsing of forecast values.
      • Handling of invalid direction values.
      • Redirect processing on background agent.

      3.2
      Added support for:
      • High-resolution screens.
      • Small tile images.
      Fixed:
      • Detail page title initialization.

      3.1
      Added support for:
      • Forecast detail selection.

      3.0
      Added support for:
      • World-wide forecasts from YRNO.
      Fixed:
      • Summary lines on narrow temperature ranges.
      • Tile update file access.

      2.9
      Added support for:
      • Detailed search status, history, and retry.
      • Automatic fallback to nearby search locations.

      2.8
      Added support for:
      • Local forecast downloads and tile updates.
      Fixed:
      • Server communication issues.
      • Secondary tile target corruption.
      • Extreme latitude daylight calculation.
      • Navigating back to an unloaded page.

      2.7
      Added support for:
      • Forecast source redirection.
      • Forecasts with different hourly intervals.
      Fixed:
      • Saving forecast after leaving location page.

      2.6
      Added support for:
      • Location search using IATA/ICAO airport code.
      • Reduced density of temperature grid lines.
      Fixed:
      • Forecast availability notifications.

      2.5
      Added support for:
      • Location search with GeoNames.
      Fixed:
      • Displaying values for empty forecast data.
      • Push network channel re-use.

      2.4
      Added support for:
      • Wind speed and direction.
      Fixed:
      • Search results when a single city is returned.
      • Ending open web requests when page closed.

      2.3
      Added support for:
      • Automatic recovery of invalid forecasts.
      Fixed:
      • Saving of invalid forecast locations.
      • Extreme temperature labels in summary graph.

      2.2
      Added support for:
      • Switching reference line to follow screen.
      Fixed:
      • Clearing settings when location changed.

      2.1
      Added support for:
      • Displaying forecast nickname on graphs.
      Fixed:
      • Handling of push network availability.
      • Regeneration of summary graph date labels.
      • File reset when forecast is set to same location.

      2.0
      Added support for:
      • Multiple forecasts and secondary tiles.

      1.6
      Added support for:
      • Displaying major grid lines.
      Fixed:
      • Automatic retry when choosing a new forecast.

      1.5
      Fixed:
      • Display of new forecasts without history.
      • Server response when choosing location.
      • Frequency of automatic forecast downloads.

      1.4
      Added support for:
      • Discovering current location.
      • Display of long place names.
      Fixed:
      • Live tile settings preview.
      • High/low temperature calculation.
      • Notification channel initialization.

      1.3
      Added support for:
      • Day and hour-centered live tile sparklines.
      • Customizable live tile text.
      Fixed:
      • NOAA forecasts containing “nil” data points.

      1.2
      Added support for:
      • Nighttime background to show sunset/sunrise.
      • Option to show high and low temperature using nighttime background.

      1.1
      Fixed:
      • Network failure error reports.

      1.0
      Initial release, with support for:
      • Detailed hour-by-hour forecasts from NOAA.
      • Finding locations from city name or zip code.
      • Scrolling and day-by-day navigation.
      • Previous day’s history for comparison.
      • Metric and imperial units.
    </Item>

    <Item Title="privacy"
          Type="text">
      Privacy Policy
      All downloads are performed by contacting the source forecast server (NOAA, YRNO) directly from the phone, using only the geo-coordinates from the Location Search or Location Service. No information about the phone or user is transmitted.

      Location Search
      From the Choose Location page, you can use the text box to search GeoNames for a forecast by zip code, airport code, or city name. All searches are performed by contacting the geonames.org site directly from the phone using the search text provided.

      Location Service
      From the Choose Location page, you can press the “discover location” button to use the phone’s current location as the forecast source. If the Location Service returns successfully, only the geo-coordinate is sent to the forecast server, just like any other forecast request.
      • All access to the phone Location Service is controlled by the “discover location” button.
      • If the button is reset, the app will cancel the current Location Service request.
      • After the Location Service returns a result, the button is automatically reset.
    </Item>

    <Item Title="credits"
          Type="xaml">
      <local:Credits xmlns="http://schemas.microsoft.com/winfx/2006/xaml/presentation"
                     xmlns:local="clr-namespace:EmperialApps.WeatherSpark;assembly=WeatherSpark" />
    </Item>
  </Items>
</About>
