﻿<?xml version="1.0" encoding="utf-8" ?>
<About>
  <!-- http://ylad.codeplex.com/documentation -->
  <App Author="Paul A Hansen (Emperor XLII)"
       Publisher="Emperial Apps"
       AdditionalNotes="现在您可以换一种方式查看您本地的天气了！走势图将每天的气温、湿度、降水、云量、风速与风向用一种更容易理解的视图展现出来。&#x0A;&#x0A;出了什么问题？有什么新奇点子？点击上面的邮箱链接告诉我你的想法！" />
  <Items>
    <MainItem Title="关于"
              AppAdditionalNotesLabel="厌烦了满是文字的天气界面？"
              AppReviewButtonContent="评价这个APP！"
              AppBuyButtonContent="购买这个APP!">
      <Links>
        <Link NavigateUri="https://bitbucket.org/EmperorXLII/weatherspark"
              Content="https://bitbucket.org/EmperorXLII/weatherspark"
              Label="项目：" />
        <Link NavigateUri="mailto:weatherspark@gmail.com"
              Content="weatherspark@gmail.com"
              Label="联系：" />
      </Links>
    </MainItem>

    <Item Title="更新历史"
          Type="text">
      4.4
      现在支持:
      • 显示月相。

      4.3
      现在支持:
      • 读取YRNO气压数据。
      • 手机重置之后支持恢复磁贴数据。
      • 重置保存预测。

      4.2
      修复：
      • 间歇性磁贴与菜单错误。
      • 内插值定位。

      4.1
      修复：
      • 解析超出范围的预报值。
      • 本地化搜索错误。
      • 磁贴颜色高级设置。

      4.0
      新增支持语言:
      • 中文翻译(感谢陈玉龙Charles！)。
      • 本地化搜索结果。

      3.4
      Added support for:
      • Wide tile images.
      • Advanced tile settings.
      Fixed:
      • Mode changes during tile image generation.
      • Forecasts with embedded offset intervals.
      • Wind display value on back tile images.

      3.3
      Added support for:
      • Back tile images.
      Fixed:
      • Combining historic forecast values.
      • Invariant parsing of forecast values.
      • Handling of invalid direction values.
      • Redirect processing on background agent.

      3.2
      Added support for:
      • High-resolution screens.
      • Small tile images.
      Fixed:
      • Detail page title initialization.

      3.1
      Added support for:
      • Forecast detail selection.

      3.0
      Added support for:
      • World-wide forecasts from YRNO.
      Fixed:
      • Summary lines on narrow temperature ranges.
      • Tile update file access.

      2.9
      Added support for:
      • Detailed search status, history, and retry.
      • Automatic fallback to nearby search locations.

      2.8
      Added support for:
      • Local forecast downloads and tile updates.
      Fixed:
      • Server communication issues.
      • Secondary tile target corruption.
      • Extreme latitude daylight calculation.
      • Navigating back to an unloaded page.

      2.7
      Added support for:
      • Forecast source redirection.
      • Forecasts with different hourly intervals.
      Fixed:
      • Saving forecast after leaving location page.

      2.6
      Added support for:
      • Location search using IATA/ICAO airport code.
      • Reduced density of temperature grid lines.
      Fixed:
      • Forecast availability notifications.

      2.5
      Added support for:
      • Location search with GeoNames.
      Fixed:
      • Displaying values for empty forecast data.
      • Push network channel re-use.

      2.4
      Added support for:
      • Wind speed and direction.
      Fixed:
      • Search results when a single city is returned.
      • Ending open web requests when page closed.

      2.3
      Added support for:
      • Automatic recovery of invalid forecasts.
      Fixed:
      • Saving of invalid forecast locations.
      • Extreme temperature labels in summary graph.

      2.2
      Added support for:
      • Switching reference line to follow screen.
      Fixed:
      • Clearing settings when location changed.

      2.1
      Added support for:
      • Displaying forecast nickname on graphs.
      Fixed:
      • Handling of push network availability.
      • Regeneration of summary graph date labels.
      • File reset when forecast is set to same location.

      2.0
      Added support for:
      • Multiple forecasts and secondary tiles.

      1.6
      Added support for:
      • Displaying major grid lines.
      Fixed:
      • Automatic retry when choosing a new forecast.

      1.5
      Fixed:
      • Display of new forecasts without history.
      • Server response when choosing location.
      • Frequency of automatic forecast downloads.

      1.4
      Added support for:
      • Discovering current location.
      • Display of long place names.
      Fixed:
      • Live tile settings preview.
      • High/low temperature calculation.
      • Notification channel initialization.

      1.3
      Added support for:
      • Day and hour-centered live tile sparklines.
      • Customizable live tile text.
      Fixed:
      • NOAA forecasts containing “nil” data points.

      1.2
      Added support for:
      • Nighttime background to show sunset/sunrise.
      • Option to show high and low temperature using nighttime background.

      1.1
      Fixed:
      • Network failure error reports.

      1.0
      Initial release, with support for:
      • Detailed hour-by-hour forecasts from NOAA.
      • Finding locations from city name or zip code.
      • Scrolling and day-by-day navigation.
      • Previous day’s history for comparison.
      • Metric and imperial units.
    </Item>

    <Item Title="隐私"
          Type="text">
      隐私策略
      所有的下载均因向天气源（美国海洋及大气管理局，YRNO）请求天气产生，仅使用地点搜索或位置服务中的地理坐标，不会传输本机或机主的任何数据

      地点搜索
      在选择地点页面，您可以在文本框中通过邮编，机场编号，或城市名在GeoNames中搜索天气。所有搜索均由GeoNames.org通过本机提供的搜索文本直接执行

      地点服务
      在选择地点页面，您可以通过点击“发现位置”按钮使用本机的当前位置作为天气地点。若位置服务返回数据成功，将向天气服务器发送地理坐标，一如其他天气预报服务。
      • 仅“发现位置”按钮使用本机的位置服务
      • 若按钮被重置，本应用将取消当前的位置服务请求
      • 在位置服务返回结果之后，按钮将被重置
    </Item>

    <Item Title="感谢"
          Type="xaml">
      <local:Credits xmlns="http://schemas.microsoft.com/winfx/2006/xaml/presentation"
                     xmlns:local="clr-namespace:EmperialApps.WeatherSpark;assembly=WeatherSpark" />
    </Item>
  </Items>
</About>
